Enter password: ***********
Welcome to the MySQL monitor.  Commands end with ; or \g.
Your MySQL connection id is 18
Server version: 8.0.26 MySQL Community Server - GPL

Copyright (c) 2000, 2021, Oracle and/or its affiliates.

Oracle is a registered trademark of Oracle Corporation and/or its
affiliates. Other names may be trademarks of their respective
owners.

Type 'help;' or '\h' for help. Type '\c' to clear the current input statement.

mysql> use sse;
Database changed
mysql> select*from mentees;
+-----------+---------+------+---------+------------+-------+---------+
| Regno     | Name    | Dept | Address | Fathername | Marks | subject |
+-----------+---------+------+---------+------------+-------+---------+
| 192011090 | Gowtham | CSE  | Chennai | moorthi    |    99 | DBMS    |
| 192011079 | arun    | BME  | nellore | muthu      |    91 | BIOEVS  |
| 192011095 | Harish  | ECE  | Madurai | Kannan     |    95 | PDSD    |
| 192211080 | Dhivya  | ECE  | Tirupur | Ramesh     |    91 | PDSD    |
+-----------+---------+------+---------+------------+-------+---------+
4 rows in set (0.00 sec)

mysql> select repeat(Name,2) from mentees;
+----------------+
| repeat(Name,2) |
+----------------+
| GowthamGowtham |
| arunarun       |
| HarishHarish   |
| DhivyaDhivya   |
+----------------+
4 rows in set (0.01 sec)

mysql> select repeat(Dept,2) from mentees;
+----------------+
| repeat(Dept,2) |
+----------------+
| CSECSE         |
| BMEBME         |
| ECEECE         |
| ECEECE         |
+----------------+
4 rows in set (0.00 sec)
